년도별 산불통계,,,,,,,,,,,,,,,,,
,,,,,,,,,,,,,,,,,
발생일시_년,발생일시_월,발생일시_일,발생일시_시간,발생일시_요일,진화종료시간_년,진화종료시간_월,진화종료시간_일,진화종료시간_시간,발생장소_관서,발생장소_시도,발생장소_시군구,발생장소_읍면,발생장소_동리,발생원인_구분,발생원인_세부원인,발생원인_기타,피해면적_합계
2023,05,25,14:37,목,2023,05,25,16:37,경기,경기,포천,영중,금주,담,기타(직접입력),담뱃불실화,0.03
2023,05,25,12:48,목,2023,05,25,14:25,전북,전북,장수,장계,송천,기,기타(직접입력),고속도로차량화재,0.05
2023,05,23,16:52,화,2023,05,23,20:00,북부,강원,횡성,서원,창촌,,주택화재비화,축사화재추정,0.8
2023,05,23,16:30,화,2023,05,23,16:45,경기,경기,의정부,,민락,기,기타(직접입력),미상,0.02
2023,05,23,14:43,화,2023,05,23,15:50,경기,경기,고양,덕양,용두,쓰,기타(직접입력),쓰레기소각,0.1
2023,05,23,13:39,화,2023,05,23,14:39,경북,경북,청도,이서,흥선,기,기타(직접입력),성묘객실화,0.01
2023,05,22,19:39,월,2023,05,22,20:20,경기,경기,과천,,막계,기,기타(직접입력),미상,0.01
2023,05,17,21:42,수,2023,05,18,02:01,경기,경기,화성,,중,기,기타(직접입력),미상,0.13
2023,05,17,16:35,수,2023,05,17,17:40,세종,세종,,,용포,입,기타(직접입력),입산자실화추정,0.02
2023,05,17,11:10,수,2023,05,17,13:00,강원,강원,평창,대화,대화,기,기타(직접입력),미상,0.3
2023,05,17,10:44,수,2023,05,17,14:30,충남,충남,당진,,원당,기,기타(직접입력),조사중(묘지향불발화추정),0.5
2023,05,16,14:35,화,2023,05,16,17:00,충남,충남,청양,장평,적곡,입,기타(직접입력),입산자실화,0.03
2023,05,16,13:44,화,2023,05,16,15:20,경북,경북,포항 북,홍해,대련,기,기타(직접입력),조사중,0.1
2023,05,16,13:39,화,2023,05,17,14:20,세종,세종,,,원성,기,작업장실화,용접불씨부주의,0.13
2023,05,12,13:48,금,2023,05,12,15:30,경남,경남,합천,가야,죽전,입,기타(직접입력),입산자실화추정,0.01
2023,05,12,09:08,금,2023,05,12,09:29,부산,부산,연제,,연산,입,기타(직접입력),입산자실화추정,0.01
2023,05,10,16:12,수,2023,05,10,17:17,경기,경기,연천,전곡,간파,기,기타(직접입력),미상,0.01
2023,05,10,12:01,수,2023,05,10,14:30,강원,강원,화천,사내,사창,기,기타(직접입력),미상,0.1
2023,05,04,15:38,목,2023,05,04,18:38,강원,강원,정선,화암,화암,기,기타(직접입력),조사중,1
2023,05,04,15:16,목,2023,05,04,15:40,충북,충북,영동,학산,봉소,기,기타(직접입력),조사중,0.02
2023,05,04,11:18,목,2023,05,04,11:45,부산,부산,연제,,연산,입,기타(직접입력),입산자실화추정,0.01
2023,05,03,16:28,수,2023,05,03,17:50,강원,강원,영월,한반도,쌍용,기,기타(직접입력),미상,0.2
2023,05,03,14:09,수,2023,05,03,16:20,경기,경기,연천,전곡,간파,쓰,기타(직접입력),쓰레기소각,0.1
2023,05,03,13:55,수,2023,05,03,19:10,강원,강원,영월,김삿갓,예밀,,기타(직접입력),밭두렁소각,1.4
2023,05,03,12:51,수,2023,05,03,18:00,충남,충남,부여,홍산,토정,입,기타(직접입력),입산자실화추정,3
2023,05,03,12:27,수,2023,05,03,20:00,북부,강원,양구,국토정중앙,명곶,입,기타(직접입력),입산자실화추정,2
2023,05,02,11:31,화,2023,05,02,13:23,충남,충남,서산,지곡,장현,입,기타(직접입력),입산자실화(담뱃불),0.1
2023,04,28,15:16,금,2023,04,28,20:00,중부,충북,청주 상당,미원,월용,입,기타(직접입력),입산자실화추정,1.25
2023,04,28,14:38,금,2023,04,28,15:54,경기,경기,여주,흥천,복대,기,기타(직접입력),미상,0.03
2023,04,28,11:55,금,2023,04,28,15:00,전북,전북,정읍,옹동,산성,쓰,기타(직접입력),생활쓰레기소각(대밭),0.3
2023,04,27,17:26,목,2023,04,27,19:03,경기,경기,시흥,,신천,입,기타(직접입력),입산자실화,0.01
2023,04,27,14:17,목,2023,04,27,17:07,충남,충남,서산,대산,기은,입,기타(직접입력),입산자실화,0.03
2023,04,27,11:40,목,2023,04,27,17:30,전북,전북,진안,동향,신송,기,기타(직접입력),비닐하우스화재비화,1
2023,04,26,11:20,수,2023,04,26,13:50,세종,세종,,,미곡,기,기타(직접입력),향초취급부주의,0.1
2023,04,24,16:49,월,2023,04,24,18:00,남부,경남,양산,원동,화제,기,기타(직접입력),미상,0.06
2023,04,24,13:34,월,2023,04,24,14:39,경남,경남,진주,대곡,대곡,쓰,기타(직접입력),쓰레기소각(낙엽),0.05
2023,04,24,10:01,월,2023,04,24,12:00,전북,전북,군산,,미룡,입,기타(직접입력),입산자실화추정,0.01
2023,04,24,08:39,월,2023,04,24,09:30,경기,경기,양주,남,경신,,주택화재비화,공장화재비화,0.01
2023,04,24,06:22,월,2023,04,24,07:40,충북,충북,음성,맹동,두성,기,기타(직접입력),조사중,0.1
2023,04,23,19:21,일,2023,04,23,20:42,경북,경북,영양,입암,교,기,기타(직접입력),조사중,0.2
2023,04,23,10:24,일,2023,04,23,12:13,경남,경남,거제,거제,소랑,쓰,쓰레기소각,생활쓰레기소각,0.05
2023,04,23,09:47,일,2023,04,23,11:30,강원,강원,원주,소초,둔둔,입,기타(직접입력),입산자실화,0.1
2023,04,22,22:30,토,2023,04,23,01:50,경남,경남,창원 마산합포,구산,수정,,기타(직접입력),주택화재,0.45
2023,04,22,17:32,토,2023,04,22,19:00,전남,전남,장흥,부산,호계,입,기타(직접입력),입산자실화추정,0.01
2023,04,22,16:05,토,2023,04,22,18:55,충남,충남,부여,내산,운치,기,기타(직접입력),차량화재비화,0.33
2023,04,22,15:15,토,2023,04,22,17:20,경기,경기,연천,군남,왕림,기,기타(직접입력),미상,0.1
2023,04,22,10:33,토,2023,04,22,11:40,충남,충남,태안,안면,중장,입,기타(직접입력),입산자실화,0.01
2023,04,20,14:50,목,2023,04,20,20:45,경북,경북,청송,주왕산,주산지,기,기타(직접입력),미상,0.5
2023,04,19,23:40,수,2023,04,22,11:00,전북,전북,군산,옥도,어청도,기,기타(직접입력),미상,0.03
2023,04,17,11:56,월,2023,04,17,13:26,경북,경북,안동,일직,평팔,기,기타(직접입력),화기물취급부주의,1.2
2023,04,16,14:45,일,2023,04,16,18:00,경기,경기,광주,남송,귀여,기,기타(직접입력),미상,0.03
2023,04,16,13:54,일,2023,04,16,15:52,강원,강원,정선,신동,예미,기,기타(직접입력),조사중,0.01
2023,04,16,12:22,일,2023,04,16,13:08,대구,대구,달서,,성당,기,기타(직접입력),조사중,0.01
2023,04,14,13:11,금,2023,04,14,13:54,경남,경남,함양,유림,옥매,기,기타(직접입력),조사중,0.04
2023,04,13,22:17,목,2023,04,14,03:30,북부,경기,구리,,아천,담,기타(직접입력),담뱃불실화,0.11
2023,04,13,19:05,목,2023,04,13,20:23,충남,충남,보령,웅천,황교,입,기타(직접입력),입산자실화추정,0.3
2023,04,13,14:09,목,2023,04,13,14:55,중부,충북,제천,덕산,신현,기,기타(직접입력),굴삭기스파크,0.01
2023,04,13,13:59,목,2023,04,13,15:00,울산,울산,울주,두서,차,입,기타(직접입력),입산자실화추정,0.2
2023,04,13,13:43,목,2023,04,13,15:10,경남,경남,함양,서하,황산,기,기타(직접입력),산업현장 실화,0.03
2023,04,13,13:21,목,2023,04,13,16:50,경북,경북,문경,호계,지천,,기타(직접입력),농산폐기물소각,2
2023,04,13,10:22,목,2023,04,13,11:10,충북,충북,영동,영동,가,담,기타(직접입력),담뱃불실화,0.01
2023,04,12,16:39,수,2023,04,12,18:10,인천,인천,옹진,백령,가을,기,기타(직접입력),미상,0.16
2023,04,12,13:50,수,2023,04,12,15:30,전남,전남,장흥,안양,수문,입,기타(직접입력),입산자실화추정,0.1
2023,04,12,13:45,수,2023,04,12,19:00,전남,전남,장성,북하,대악,기,기타(직접입력),채석장장비과열,0.1
2023,04,12,12:46,수,2023,04,12,12:55,경기,경기,과천,,중앙,기,기타(직접입력),미상,0.01
2023,04,12,11:02,수,2023,04,12,11:59,충남,충남,금산,남일,신동,기,기타(직접입력),데크용접발화,0.01
2023,04,12,05:31,수,2023,04,12,09:40,남부,경남,양산,원동,원,기,기타(직접입력),미상,0.3
2023,04,11,16:25,화,2023,04,11,17:50,경북,경북,경주,외동,문산,기,기타(직접입력),조사중,0.04
2023,04,11,08:30,화,2023,04,15,00:00,강원,강원,강릉,,난곡,기,기타(직접입력),전선단선,119.92
2023,04,10,14:10,월,2023,04,10,15:47,경기,경기,화성,향남,수직,기,기타(직접입력),미상,0.13
2023,04,09,17:16,일,2023,04,09,17:45,울산,울산,동,,동부,입,기타(직접입력),입산자실화,0.01
2023,04,09,14:15,일,2023,04,09,16:30,동부,강원,평창,미탄,창,입,기타(직접입력),입산자실화추정,1.1
2023,04,09,12:12,일,2023,04,09,12:57,경기,경기,연천,신서,대광,기,기타(직접입력),통신선스파크,0.01
2023,04,04,19:44,화,2023,04,04,21:40,경기,경기,고양,일산동,사리현,,주택화재비화,공장화재비화,0.03
2023,04,04,15:17,화,2023,04,04,17:00,충남,충남,서천,비인,율,담,기타(직접입력),담뱃불실화(벌목인부),0.22
2023,04,04,14:20,화,2023,04,04,17:00,전남,전남,함평,손불,학산,입,기타(직접입력),입산자실화추정,0.5
2023,04,04,11:51,화,2023,04,04,13:38,경기,경기,화성,남양,남양,기,기타(직접입력),성묘객실화,0.09
2023,04,04,10:50,화,2023,04,04,13:44,전남,전남,보성,회천,전일,입,기타(직접입력),입산자실화추정,0.1
2023,04,04,05:45,화,2023,04,04,13:10,충남,충남,천안,목천,지산,기,기타(직접입력),미상,1
2023,04,03,21:39,월,2023,04,04,00:00,충남,충남,천안,동남,용곡,기,기타(직접입력),미상,0.5
2023,04,03,17:20,월,2023,04,04,13:00,충남,충남,금산,남이,역평,기,기타(직접입력),조사중,2.5
2023,04,03,14:47,월,2023,04,03,16:00,경기,경기,용인 처인,양지,주북,기,기타(직접입력),성묘객실화,0.66
2023,04,03,14:19,월,2023,04,04,18:00,경북,경북,영주,평은,오운,기,기타(직접입력),양봉화재비화,210
2023,04,03,14:15,월,2023,04,04,03:00,경기,경기,광주,초월,학동,기,기타(직접입력),미상,0.8
2023,04,03,13:33,월,2023,04,03,15:00,충남,충남,아산,선장,선창,기,기타(직접입력),미상,0.07
2023,04,03,13:07,월,2023,04,03,15:20,강원,강원,영월,김삿갓,예밀,기,작업장실화,산업현장실화,0.5
2023,04,03,13:02,월,2023,04,04,17:15,전남,전남,순천,송광,봉산,기,기타(직접입력),건설현장실화추정,190
2023,04,03,12:19,월,2023,04,04,18:00,전남,전남,함평,대동,연암,쓰,기타(직접입력),쓰레기소각(양봉장)추정,475
2023,04,03,12:18,월,2023,04,04,21:00,경기,경기,남양주,와부,팔당,기,기타(직접입력),미상,27
2023,04,03,05:47,월,2023,04,03,10:03,경기,경기,포천,창수,주원,기,기타(직접입력),조사중,1.6
2023,04,02,21:15,일,2023,04,02,21:40,경기,경기,동두천,,생연,기,기타(직접입력),미상,0.1
2023,04,02,19:45,일,2023,04,02,23:30,경기,경기,파주,광탄,마장,기,기타(직접입력),미상,0.16
2023,04,02,18:24,일,2023,04,02,23:30,대전,대전,동,,판암,기,기타(직접입력),어린이불장난,0.5
2023,04,02,17:19,일,2023,04,02,18:10,경남,경남,함양,안의,당본,기,기타(직접입력),조사중,0.02
2023,04,02,16:15,일,2023,04,04,14:00,전남,전남,고흥,금산,어전,기,기타(직접입력),전기합선(태양광배전판),2
2023,04,02,16:07,일,2023,04,03,18:00,전북,전북,정읍,산외,화죽,기,기타(직접입력),미상,1.5
2023,04,02,15:52,일,2023,04,02,18:00,충남,충남,홍성,금마,월암,기,작업장실화,용접작업(축사),0.16
2023,04,02,15:36,일,2023,04,02,17:51,전남,전남,강진,대구,저두,기,기타(직접입력),캠핌장재투기,0.1
2023,04,02,15:29,일,2023,04,03,14:10,전북,전북,고창,상하,송곡,,기타(직접입력),농산폐기물소각추정,4
2023,04,02,15:24,일,2023,04,02,18:05,강원,강원,철원,동송,오지,기,기타(직접입력),전기합선,0.7
2023,04,02,15:03,일,2023,04,02,19:00,강원,강원,원주,지정,안창,기,기타(직접입력),불씨취급부주의,1
2023,04,02,15:03,일,2023,04,03,00:15,충남,충남,부여,세도,동사,담,기타(직접입력),담뱃불실화추정,24.04
2023,04,02,14:51,일,2023,04,02,16:59,북부,경기,연천,백학,길현,기,기타(직접입력),조명지뢰불발,1
2023,04,02,14:47,일,2023,04,02,17:02,경북,경북,성주,용암,대봉,기,기타(직접입력),조사중,0.5
2023,04,02,14:45,일,2023,04,02,16:30,전북,전북,김제,금구,청운,담,기타(직접입력),담뱃불실화추정,0.05
2023,04,02,14:10,일,2023,04,02,14:38,경기,경기,시흥,,거모,기,기타(직접입력),성묘객실화,0.03
2023,04,02,13:46,일,2023,04,03,16:00,충남,충남,보령,청라,내현,,농산폐기물소각,농산폐기물소각추정,97.43
2023,04,02,13:11,일,2023,04,02,17:50,충남,충남,서산,성연,일람,쓰,기타(직접입력),쓰레기소각,4
2023,04,02,12:24,일,2023,04,04,17:00,충남,충남,금산,복수,신대,입,기타(직접입력),입산자실화추정,889.36
2023,04,02,12:10,일,2023,04,02,13:35,충북,충북,제천,청풍,도화,기,기타(직접입력),성묘객실화,0.2
2023,04,02,12:10,일,2023,04,02,16:30,경기,경기,양평,옥천,신복,기,기타(직접입력),주택내취사행위발화,1.5
2023,04,02,11:56,일,2023,04,02,17:45,경기,경기,남양주,와부,율석,기,기타(직접입력),성묘객실화,3.86
2023,04,02,11:53,일,2023,04,04,09:00,서울,서울,종로,,부암,기,기타(직접입력),미상,6
2023,04,02,11:48,일,2023,04,03,01:00,경북,경북,군위,소보,보현,기,작업장실화,용접실화,35
2023,04,02,11:23,일,2023,04,03,18:00,충북,충북,옥천,군북,이평,기,기타(직접입력),조사중,85.37
2023,04,02,11:19,일,2023,04,02,20:27,충남,충남,당진,대호지,사성,기,기타(직접입력),조사중,98.54
2023,04,02,11:14,일,2023,04,02,13:20,경북,경북,포항 북,송라,중산,기,기타(직접입력),차량화재,0.1
2023,04,02,11:00,일,2023,04,04,16:41,충남,충남,홍성,서부,중,담,기타(직접입력),담뱃불실화추정,1337
2023,04,02,11:00,일,2023,04,02,16:30,경기,경기,양평,지평,망미,기,기타(직접입력),미상,3
2023,04,02,10:05,일,2023,04,02,14:47,경기,경기,화성,송산,마산,쓰,기타(직접입력),쓰레기소각,0.19
2023,04,02,09:56,일,2023,04,02,18:52,충남,충남,천안,목천,송전,기,기타(직접입력),성묘객실화(향불),1.1
2023,04,02,09:50,일,2023,04,02,15:00,중부,충남,천안 동남,북,명덕,기,기타(직접입력),미상(번개탄투기추정),1.49
2023,04,02,08:47,일,2023,04,02,11:21,충남,충남,서산,해미,산수,입,기타(직접입력),입산자실화(담배불추정),0.5
2023,04,02,05:44,일,2023,04,02,11:00,전북,전북,남원,산동,대상,기,기타(직접입력),원인미상(벌채지화재),0.3
2023,04,01,18:50,토,2023,04,01,20:39,전북,전북,전주,덕진,우아1가,입,기타(직접입력),입산자실화(담배꽁초),0.03
2023,04,01,18:25,토,2023,04,01,19:30,경기,경기,양주,,남방,담,기타(직접입력),담뱃불실화,0.01
2023,04,01,17:37,토,2023,04,01,20:00,충남,충남,서천,기산,가공,,기타(직접입력),농산물소각,0.1
2023,04,01,17:01,토,2023,04,01,19:11,경기,경기,광주,곤지암,부항,기,기타(직접입력),원인미상,0.06
2023,04,01,16:40,토,2023,04,01,19:00,전남,전남,해남,옥천,백호,기,기타(직접입력),불씨취급주부주의,0.3
2023,04,01,13:44,토,2023,04,01,15:40,강원,강원,춘천,사북,고탄,쓰,기타(직접입력),쓰레기소각(드럼통),0.26
2023,04,01,12:46,토,2023,04,02,15:08,경기,경기,화성,양감,정문,쓰,기타(직접입력),쓰레기소각,0.33
2023,04,01,11:22,토,2023,04,01,13:40,경남,경남,산청,삼장,대포,기,기타(직접입력),조사중,0.1
2023,03,31,20:00,금,2023,03,31,21:30,경기,경기,연천,왕징,무등,기,기타(직접입력),미상,0.05
2023,03,31,16:47,금,2023,03,31,17:31,경기,경기,광주,남한산성,하번천,입,기타(직접입력),입산자실화,0.01
2023,03,31,15:45,금,2023,03,31,19:00,강원,강원,홍천,두촌,천현,기,기타(직접입력),모노레일스파크,0.6
2023,03,31,15:17,금,2023,03,31,17:20,경남,경남,함양,안의,당본,,주택화재비화,공장화재,0.1
2023,03,31,14:46,금,2023,03,31,20:00,강원,강원,원주,,봉산,,주택화재비화,공장화재,1
2023,03,31,14:33,금,2023,03,31,16:40,경북,경북,경주,안강,옥산,입,기타(직접입력),입산자실화추정,0.22
2023,03,31,13:15,금,2023,03,31,14:05,경기,경기,용인 처인,양지,주북,쓰,기타(직접입력),쓰레기소각,0.16
2023,03,31,12:29,금,2023,03,31,16:48,전남,전남,순천,황전,대치,담,기타(직접입력),담뱃불실화,0.5
2023,03,31,12:10,금,2023,03,31,13:30,경북,경북,경주,강동,호명,기,기타(직접입력),재투기,0.27
2023,03,31,11:39,금,2023,03,31,12:30,전북,전북,순창,팔덕,청계,기,작업장실화,산림사업장화재,0.1
2023,03,31,09:50,금,2023,03,31,10:39,세종,세종,부강,,운곡,기,기타(직접입력),불씨(재처리)취급부주의,0.01
2023,03,31,00:39,금,2023,03,31,03:10,광주,광주,광산,광산,오운,기,기타(직접입력),조사중,0.09
2023,03,30,16:07,목,2023,03,30,19:00,강원,강원,횡성,청일,신대,기,기타(직접입력),미상,0.7
2023,03,30,15:00,목,2023,03,30,18:00,북부,경기,화성,매송,야목,기,기타(직접입력),성묘객실화,0.11
2023,03,30,14:39,목,2023,03,30,18:00,경기,경기,연천,연천,상,기,기타(직접입력),파이프절단불씨비화,0.3
2023,03,30,14:32,목,2023,03,30,15:50,강원,강원,평창,진부,하진부,기,기타(직접입력),원인미상,0.02
2023,03,30,14:17,목,2023,04,03,16:29,경기,경기,포천,영북,운천,담,기타(직접입력),담뱃불실화,29
2023,03,30,13:25,목,2023,03,30,16:30,경남,경남,거창,웅양,군암,기,작업장실화,산업현장실화,0.05
2023,03,30,13:15,목,2023,03,30,14:10,인천,인천,서,,왕길,기,기타(직접입력),원인미상,0.33
2023,03,30,13:04,목,2023,03,31,09:25,충북,충북,제천,봉양,명도,기,기타(직접입력),도로변담뱃불실화추정,21
2023,03,30,12:47,목,2023,04,01,15:00,강원,강원,화천,화천,중,기,기타(직접입력),원인미상,68
2023,03,30,12:00,목,2023,03,30,12:58,강원,강원,강릉,연곡,동덕,기,기타(직접입력),원인미상,0.4
2023,03,30,11:13,목,2023,03,30,13:00,경북,경북,경주,산내,일부,기,기타(직접입력),성묘객실화,0.7
2023,03,30,10:08,목,2023,03,30,11:19,경기,경기,여주,가남,대산,기,기타(직접입력),원인미상,0.02
2023,03,29,16:00,수,2023,03,29,17:45,강원,강원,평창,진부,하진부,입,기타(직접입력),입산자실화,0.3
2023,03,29,14:59,수,2023,03,29,17:43,경기,경기,여주,흥천,다대,,기타(직접입력),농산폐기물소각추정,0.72
2023,03,29,14:45,수,2023,03,29,15:33,충남,충남,아산,둔포,신양,기,기타(직접입력),원인미상,0.01
2023,03,29,13:22,수,2023,03,29,17:00,경남,경남,거제,하청,대곡,기,기타(직접입력),조사중,0.5
2023,03,28,16:52,화,2023,03,28,18:13,충남,충남,당진,송산,당산,쓰,기타(직접입력),쓰레기소각,0.3
2023,03,28,15:39,화,2023,03,28,16:43,충북,충북,옥천,동이,금암,기,기타(직접입력),조사중,0.1
2023,03,28,15:12,화,2023,03,28,16:44,충남,충남,보령,남포,양향리,기,기타(직접입력),원인미상,0.04
2023,03,28,14:50,화,2023,03,28,16:00,경남,경남,합천,용주,성산,입,기타(직접입력),입산자실화추정,0.01
2023,03,28,14:47,화,2023,03,28,16:00,경기,경기,의왕,,오전,기,기타(직접입력),원인미상,0.02
2023,03,28,14:45,화,2023,03,28,15:44,강원,강원,철원,갈말,토성,기,기타(직접입력),원인미상,0.01
2023,03,27,14:56,월,2023,03,27,17:15,강원,강원,철원,서,자등,기,기타(직접입력),미상,0.5
2023,03,27,13:55,월,2023,03,27,14:23,충남,충남,금산,추부,추정,기,기타(직접입력),조사중,0.03
2023,03,27,12:10,월,2023,03,27,14:00,전북,전북,진안,마령,덕천,입,기타(직접입력),입산자실화추정,1
2023,03,26,14:52,일,2023,03,26,17:30,강원,강원,홍천,영귀미,좌운,기,기타(직접입력),미상,1.2
2023,03,26,14:50,일,2023,03,26,20:00,경기,경기,양주,백석,방성,입,기타(직접입력),입산자실화,0.04
2023,03,26,14:45,일,2023,03,27,08:00,인천,인천,강화,화도,동막,,기타(직접입력),주택화재,22
2023,03,25,16:49,토,2023,03,25,18:30,충남,충남,보령,미산,봉성,,기타(직접입력),농산부산물소각,0.04
2023,03,25,13:11,토,2023,03,25,14:09,경기,경기,포천,,동교,담,기타(직접입력),담뱃불실화,0.07
2023,03,24,18:12,금,2023,03,24,20:10,강원,강원,춘천,남산,강촌,기,기타(직접입력),불씨취급부주의,0.2
2023,03,24,15:39,금,2023,03,24,15:57,경기,경기,고양,덕양,원흥,담,기타(직접입력),담뱃불실화,0.01
2023,03,24,12:10,금,2023,03,24,14:00,경기,경기,남양주,와부,팔당,기,작업장실화,엔진톱불씨발화,0.03
2023,03,24,11:01,금,2023,03,24,11:30,경기,경기,남양주,,지금,기,기타(직접입력),미상,0.01
2023,03,22,19:47,수,2023,03,22,22:30,전북,전북,진안,성수,좌포,쓰,기타(직접입력),쓰레기소각,0.5
2023,03,22,17:15,수,2023,03,22,19:00,강원,강원,화천,간동,오음,기,작업장실화,산업현장실화,0.05
2023,03,22,16:00,수,2023,03,22,17:13,충북,충북,청주 상당,남성,귀래,,기타(직접입력),주택화재,0.5
2023,03,22,15:42,수,2023,03,22,16:20,인천,인천,옹진,북도,신도,기,기타(직접입력),미상,0.03
2023,03,22,14:31,수,2023,03,22,16:00,전북,전북,익산,여산,두여,기,기타(직접입력),미상,0.5
2023,03,22,12:41,수,2023,03,22,15:23,충남,충남,태안,소원,신덕,기,기타(직접입력),도로변발화(담뱃불)추정,0.2
2023,03,22,12:37,수,2023,03,22,16:00,남부,경북,상주,공성,영오,입,기타(직접입력),입산자실화추정,0.58
2023,03,22,12:20,수,2023,03,22,14:20,충북,충북,단양,적성,성곡,기,기타(직접입력),조사중,1
2023,03,22,12:16,수,2023,03,22,19:00,북부,강원,양구,국토정중앙,적,기,기타(직접입력),배터리발화,1
2023,03,22,11:25,수,2023,03,22,13:30,전북,전북,무주,무풍,철목,입,기타(직접입력),입산자실화추정,0.1
2023,03,22,11:07,수,2023,03,22,16:00,전북,전북,완주,소양,명덕,기,기타(직접입력),비닐하우스화재,0.2
2023,03,22,01:10,수,2023,03,22,04:06,충북,충북,제천,백운,평동,담,기타(직접입력),담뱃불실화,0.4
2023,03,21,17:49,화,2023,03,21,20:06,경기,경기,여주,점동,당진,기,기타(직접입력),미상,0.02
2023,03,21,16:26,화,2023,03,22,01:00,동부,강원,고성,간성,진부,기,기타(직접입력),원인미상(낙뢰추정),0.01
2023,03,21,15:17,화,2023,03,21,18:00,강원,강원,원주,소초,교항,,기타(직접입력),밭두렁소각,0.5
2023,03,21,14:47,화,2023,03,21,15:20,경기,경기,시흥,,과림,담,기타(직접입력),담뱃불실화,0.02
2023,03,21,14:36,화,2023,03,21,18:20,경기,경기,가평,북내,적목,쓰,쓰레기소각,쓰레기소각,2.9
2023,03,21,14:27,화,2023,03,21,18:10,북부,강원,양구,방산,건슬,기,기타(직접입력),불발탄발화추정,0.3
2023,03,21,14:05,화,2023,03,21,16:10,경남,경남,의령,영덕,죽전,기,작업장실화,산업현장실화,0.1
2023,03,21,13:52,화,2023,03,21,17:02,경북,경북,영덕,남정,사암,기,기타(직접입력),조사중,0.5
2023,03,21,12:55,화,2023,03,21,16:10,경남,경남,산청,생비량,제보,기,작업장실화,건축공사장실화,2
2023,03,21,12:52,화,2023,03,21,14:20,울산,울산,울주,두동,삼정,입,기타(직접입력),입산자실화추정,1.2
2023,03,21,12:48,화,2023,03,21,14:50,충북,충북,청주 상당,남성,추정,기,기타(직접입력),전기합선추정,1
2023,03,21,12:20,화,2023,03,21,14:05,전남,전남,광양,진상,황죽,쓰,기타(직접입력),쓰레기소각,0.3
2023,03,21,12:12,화,2023,03,21,16:30,경북,경북,안동,도산,의일,기,기타(직접입력),조사중,10
2023,03,21,11:27,화,2023,03,21,14:30,전남,전남,영광,염산,야월,입,기타(직접입력),입산자실화추정,0.1
2023,03,21,10:12,화,2023,03,21,10:50,경기,경기,파주,탄현,법흥,기,기타(직접입력),원인미상,0.01
2023,03,20,14:50,월,2023,03,20,16:30,충남,충남,천안 동남,목천,도장,기,기타(직접입력),`전기누전,0.1
2023,03,20,13:51,월,2023,03,20,14:50,전북,전북,장수,장계,명덕,담,기타(직접입력),담뱃불실화,0.1
2023,03,20,13:48,월,2023,03,20,21:00,충남,충남,서천,마산,요곡,,농산폐기물소각,농산부산불소각(볏짚),16.81
2023,03,20,13:31,월,2023,03,20,17:40,전남,전남,고흥,영남,양사,기,작업장실화,용접불씨취급부주의,0.1
2023,03,20,13:23,월,2023,03,20,16:50,충남,충남,서천,판교,흥림,입,기타(직접입력),입산자실화(담뱃불추정),0.03
2023,03,20,12:50,월,2023,03,20,18:00,부산,부산,부산진,,범천,기,기타(직접입력),조사중,0.03
2023,03,20,12:15,월,2023,03,20,16:40,전북,전북,임실,오수,오암,기,기타(직접입력),용접불꽃부주의(움막),1
2023,03,20,02:45,월,2023,03,20,03:44,인천,인천,계양,,효성,기,기타(직접입력),원인미상,0.01
2023,03,19,18:26,일,2023,03,19,19:25,충남,충남,보령,주산,야룡,,기타(직접입력),농산폐기물소각,0.05
2023,03,19,18:00,일,2023,03,19,20:30,충북,충북,진천,초평,용정,입,기타(직접입력),입산자실화추정,0.1
2023,03,19,16:08,일,2023,03,19,16:50,경기,경기,양평,개군,부대,담,기타(직접입력),담뱃불실화,0.05
2023,03,19,14:54,일,2023,03,19,17:30,경남,경남,남해,창선,가인,,기타(직접입력),농산부산불소각,0.3
2023,03,19,14:40,일,2023,03,19,18:20,경북,경북,영천,청통,죽정,,기타(직접입력),농장화재비화,1.5
2023,03,19,12:10,일,2023,03,19,12:50,충북,충북,제천,백운,화당,담,기타(직접입력),담뱃불실화,0.1
2023,03,19,05:50,일,2023,03,19,11:00,전남,전남,보성,회천,봉강,입,기타(직접입력),입산자실화추정,0.1
2023,03,18,21:31,토,2023,03,20,09:00,전남,전남,순천,별량,금치,쓰,기타(직접입력),쓰레기소각(낙엽),16
2023,03,18,16:56,토,2023,03,19,17:48,경북,경북,성주,선남,관화,기,기타(직접입력),성묘객실화,0.1
2023,03,18,16:38,토,2023,03,19,16:30,강원,강원,평창,진부,신기,기,기타(직접입력),화목보일러재투기,20.2
2023,03,18,15:45,토,2023,03,19,12:00,강원,강원,정선,화암,백전,,기타(직접입력),논밭두렁소각,0.8
2023,03,18,15:17,토,2023,03,18,18:10,충남,충남,보령,미산,남심,입,기타(직접입력),입산자실화추정,6.37
2023,03,18,14:55,토,2023,03,19,10:40,전남,전남,화순,청풍,신,입,기타(직접입력),입산자실화추정,3
2023,03,18,14:34,토,2023,03,18,18:00,중부,충북,옥천,청성,조천,쓰,쓰레기소각,쓰레기소각,0.8
2023,03,18,14:08,토,2023,03,18,19:00,충북,충북,영동,심천,금정,기,기타(직접입력),조사중,10
2023,03,18,14:01,토,2023,03,18,17:30,충북,충북,제천,한수,북노,입,기타(직접입력),입산자실화추정,0.1
2023,03,18,13:34,토,2023,03,18,20:10,전북,전북,완주,용진,간중,기,기타(직접입력),원인미상,3
2023,03,18,13:21,토,2023,03,18,16:15,충남,충남,예산,예산,예산,담,기타(직접입력),담뱃불실화추정,2
2023,03,18,12:41,토,2023,03,18,16:30,충북,충북,제천,청풍,오산,쓰,기타(직접입력),쓰레기소각,0.2
2023,03,18,12:15,토,2023,03,18,13:57,경기,경기,여주,북내,지내,,기타(직접입력),농산폐기물소각추정,0.07
2023,03,18,11:47,토,2023,03,18,13:30,전북,전북,완주,용진,운곡,기,기타(직접입력),원인미상,0.7
2023,03,17,21:21,금,2023,03,18,00:25,경기,경기,양주,광적,우고,,주택화재비화,공장화재,0.5
2023,03,17,16:23,금,2023,03,17,18:00,부산,부산,기장,장관,월평,쓰,쓰레기소각,쓰레기소각,0.09
2023,03,17,05:02,금,2023,03,17,07:00,충남,충남,공주,사곡,신영,,기타(직접입력),주택화재,0.15
2023,03,17,04:20,금,2023,03,17,11:24,경북,경북,경산,진량,아사,기,기타(직접입력),차량화재,4
2023,03,16,21:05,목,2023,03,16,22:05,강원,강원,영월,남,연당,기,기타(직접입력),전선합선추정,0.05
2023,03,16,19:13,목,2023,03,16,23:50,경남,경남,진주,명석,덕곡,기,기타(직접입력),미상,0.5
2023,03,16,14:54,목,2023,03,22,00:00,경북,경북,상주,외남,혼평,기,기타(직접입력),불씨취급부주의(재투기),86
2023,03,16,12:18,목,2023,03,16,17:15,전남,전남,진도,의신,만길,기,기타(직접입력),야적장화재,0.3
2023,03,16,12:02,목,2023,03,16,13:00,부산,부산,연제,,연산,담,기타(직접입력),담뱃불실화추정,0.01
2023,03,16,11:29,목,2023,03,16,16:23,경남,경남,밀양,무안,옹동,기,작업장실화,절단기작업불꽃비화,0.2
2023,03,15,22:20,수,2023,03,16,00:27,경기,경기,하남,,상사창,,기타(직접입력),건축물실화,0.2
2023,03,14,16:10,화,2023,03,14,16:45,경기,경기,양주,백석,방성,기,기타(직접입력),미상,0.01
2023,03,14,14:49,화,2023,03,14,17:00,경남,경남,거제,거제,내간,입,기타(직접입력),입산자실화추정,0.04
2023,03,14,14:36,화,2023,03,14,16:50,충남,충남,금산,부리,평촌,기,기타(직접입력),양봉장벌통소독중발화,3
2023,03,14,13:58,화,2023,03,14,17:48,경기,경기,여주,가남,태평,기,기타(직접입력),조사중,1.93
2023,03,14,13:54,화,2023,03,14,16:00,전북,전북,남원,대강,사석,기,기타(직접입력),합선,0.3
2023,03,14,13:41,화,2023,03,14,14:40,충북,충북,옥천,청성,소서,기,기타(직접입력),용접부주의,0.06
2023,03,14,13:37,화,2023,03,14,14:30,강원,강원,홍천,영귀미,삼현,기,기타(직접입력),불씨취급부주의,0.16
2023,03,14,13:30,화,2023,03,14,15:02,경기,경기,파주,파주,봉서,기,기타(직접입력),미상,0.03
2023,03,14,12:44,화,2023,03,14,13:14,충북,충북,보은,탄부,상장,기,기타(직접입력),성묘객실화,0.01
2023,03,14,12:30,화,2023,03,14,13:50,경북,경북,예천,개포,장송,,기타(직접입력),영농부산물소각,0.1
2023,03,13,20:07,월,2023,03,13,23:00,남부,경북,봉화,소천,남회룡,기,기타(직접입력),미상,0.6
2023,03,13,09:33,월,2023,03,13,11:40,전남,전남,화순,이양,목곡,입,기타(직접입력),입산자실화추정,0.03
2023,03,13,06:59,월,2023,03,13,08:15,경남,경남,거제,사등,오량,기,기타(직접입력),낙뢰,0.01
2023,03,12,14:39,일,2023,03,12,17:00,경기,경기,안양,만안,석수,담,기타(직접입력),담뱃불실화,0.01
2023,03,12,03:56,일,2023,03,12,08:51,경남,경남,하동,옥종,위태,기,기타(직접입력),조사중,0.5
2023,03,11,23:16,토,2023,03,12,01:00,서울,서울,도봉,,도봉,기,방화,방화추정,0.02
2023,03,11,22:32,토,2023,03,12,14:00,경남,경남,양산,원동,선,,기타(직접입력),건축물화재비화,2.96
2023,03,11,20:56,토,2023,03,12,10:00,충남,충남,당진,석문,난지도,기,기타(직접입력),미상,1.3
2023,03,11,15:36,토,2023,03,11,23:08,광주,광주,북,,동림,쓰,기타(직접입력),쓰레기소각,4
2023,03,11,15:35,토,2023,03,11,16:15,경기,경기,파주,조리,능안,기,기타(직접입력),미상,0.02
2023,03,11,15:00,토,2023,03,11,17:00,충남,충남,천안 동남,풍세,보성,기,기타(직접입력),미상,0.66
2023,03,11,14:50,토,2023,03,11,18:30,충남,충남,공주,탄천,운곡,쓰,기타(직접입력),쓰레기소각,0.4
2023,03,11,14:35,토,2023,03,11,22:00,대구,대구,남,,대명,기,기타(직접입력),조사중,1
2023,03,11,14:35,토,2023,03,11,16:30,전북,전북,남원,송동,송기,쓰,기타(직접입력),쓰레기소각,0.3
2023,03,11,14:11,토,2023,03,11,16:00,충남,충남,천안,서북,부대,,논밭두렁소각,논두렁소각,0.3
2023,03,11,14:11,토,2023,03,11,18:00,경기,경기,안성,대덕,대농,,기타(직접입력),밭두렁소각,0.15
2023,03,11,13:24,토,2023,03,12,16:13,경남,경남,하동,화개,범왕,입,기타(직접입력),입산자실화추정,128.5
2023,03,11,12:22,토,2023,03,11,13:00,충북,충북,괴산,청천,지경,기,기타(직접입력),재처리부주의,0.3
2023,03,11,12:03,토,2023,03,11,14:30,강원,강원,홍천,서,개야,기,기타(직접입력),미상,0.15
2023,03,11,11:33,토,2023,03,11,14:30,충남,충남,천안,동남,신방,,기타(직접입력),밭두렁소각,1.3
2023,03,10,15:57,금,2023,03,10,16:42,경남,경남,함양,병곡,원산,기,기타(직접입력),조사중,0.01
2023,03,10,14:58,금,2023,03,10,16:19,경기,경기,남양주,별내,용암,,논밭두렁소각,밭두렁소각,0.27
2023,03,10,13:05,금,2023,03,10,18:30,전북,전북,정읍,입암,봉양,입,기타(직접입력),입산자실화(취사),1
2023,03,10,13:04,금,2023,03,10,14:40,충북,충북,청주 상당,낭성,추정,,기타(직접입력),농업부산불소각,1
2023,03,10,12:10,금,2023,03,10,14:55,경북,경북,상주,공성,봉산,담,기타(직접입력),담뱃불실화,0.5
2023,03,09,15:57,목,2023,03,09,17:30,충남,충남,논산,노성,교촌,기,기타(직접입력),성묘객실화,0.1
2023,03,09,12:38,목,2023,03,09,13:10,경기,경기,용인 처인,백암,백봉,기,기타(직접입력),미상,0.06
2023,03,09,10:16,목,2023,03,09,12:40,충북,충북,보은,산외,중티,쓰,기타(직접입력),쓰레기소각,1
2023,03,09,08:32,목,2023,03,09,11:00,전남,전남,순천,송광,신평,,기타(직접입력),암자화재,0.1
2023,03,09,00:17,목,2023,03,09,02:50,충남,충남,당진,석문,교로,기,기타(직접입력),미상,0.15
2023,03,08,14:20,수,2023,03,08,17:02,대구,대구,북,,조야,기,기타(직접입력),조사중,0.03
2023,03,08,14:09,수,2023,03,08,15:10,경기,경기,평택,안중,삼정,,기타(직접입력),농산폐기물소각,0.15
2023,03,08,13:59,수,2023,03,11,09:15,경남,경남,합천,용주,월평,입,기타(직접입력),입산자실화추정,179.1
2023,03,08,13:34,수,2023,03,08,20:29,충남,충남,부여,옥산,홍연,,농산폐기물소각,농산폐기물소각,30
2023,03,08,10:50,수,2023,03,08,18:50,전남,전남,화순,백아,송단,쓰,기타(직접입력),쓰레기소각,2
2023,03,08,10:46,수,2023,03,08,17:00,대구,대구,동,,백안,기,기타(직접입력),미상,0.3
2023,03,07,18:53,화,2023,03,07,19:21,경기,경기,포천,군내,하성북,담,담뱃불실화,담뱃불실화,0.01
2023,03,07,18:28,화,2023,03,07,19:50,대구,대구,북,,노곡,기,기타(직접입력),조사중,0.03
2023,03,07,17:04,화,2023,03,07,17:50,충남,충남,서천,서천,태월,,기타(직접입력),밭두렁소각,0.06
2023,03,07,15:53,화,2023,03,07,19:00,부산,부산,금정,,오륜,입,기타(직접입력),입산자실화,0.01
2023,03,07,15:47,화,2023,03,07,19:00,경남,경남,산청,차황,장박,기,기타(직접입력),조사중,1
2023,03,07,14:11,화,2023,03,07,15:48,경북,경북,칠곡,지천,용산,입,기타(직접입력),입산자실화추정,0.03
2023,03,07,13:45,화,2023,03,07,17:00,대구,대구,수성,,지산,쓰,기타(직접입력),쓰레기소각,0.5
2023,03,07,12:35,화,2023,03,07,20:15,충남,충남,당진,면천,율사,,농산폐기물소각,농산폐기물소각,7
2023,03,06,17:06,월,2023,03,06,20:00,경북,경북,울진,금강송,쌍전,,기타(직접입력),농산부산물소각,0.8
2023,03,06,16:49,월,2023,03,06,19:31,경북,경북,안동,예안,인계,입,기타(직접입력),입산자실화추정,0.12
2023,03,06,16:29,월,2023,03,06,17:10,강원,강원,고성,죽왕,향목,기,기타(직접입력),조사중,0.01
2023,03,06,16:19,월,2023,03,06,16:55,충북,충북,청주 청원,오창,가좌,기,기타(직접입력),조사중,0.3
2023,03,06,15:23,월,2023,03,06,18:00,경남,경남,밀양,,활성,기,기타(직접입력),용접중실화,0.2
2023,03,06,15:18,월,2023,03,06,19:00,경기,경기,안성,보개,오두,기,기타(직접입력),용접불씨부주의,0.5
2023,03,06,15:12,월,2023,03,06,17:30,충북,충북,충주,주덕,삼청,쓰,기타(직접입력),쓰레기소각,0.02
2023,03,06,14:57,월,2023,03,06,19:00,경기,경기,안성,죽산,용설,쓰,기타(직접입력),쓰레기소각,2
2023,03,06,13:56,월,2023,03,06,18:00,전남,전남,장성,진원,산동,기,기타(직접입력),원인미상,0.5
2023,03,06,13:08,월,2023,03,06,14:35,강원,강원,횡성,서원,석화,쓰,기타(직접입력),쓰레기소각,0.15
2023,03,06,13:00,월,2023,03,06,16:30,전남,전남,고흥,풍양,풍남,담,기타(직접입력),담뱃불실화,0.2
2023,03,06,12:40,월,2023,03,06,17:00,전북,전북,임실,임실,금성,기,기타(직접입력),성묘객실화,0.4
2023,03,06,11:51,월,2023,03,06,15:39,전남,전남,무안,몽탄,청용,,농산폐기물소각,영농부산물소각,0.26
2023,03,06,10:18,월,2023,03,06,16:18,경북,경북,청송,파천,송강,,농산폐기물소각,농산폐기물소각,3
2023,03,06,09:56,월,2023,03,06,11:30,경남,경남,합천,가야,치인,기,기타(직접입력),조사중,0.02
2023,03,06,00:17,월,2023,03,06,10:40,경북,경북,성주,선남,문방,,기타(직접입력),농막화재,0.16
2023,03,05,19:18,일,2023,03,05,21:34,충남,충남,서산,운산,안호,담,기타(직접입력),담뱃불실화,0.5
2023,03,05,15:40,일,2023,03,05,16:10,인천,인천,남동,,장수,기,기타(직접입력),원인미상,0.01
2023,03,05,14:50,일,2023,03,05,17:10,전남,전남,구례,산동,수기,입,기타(직접입력),입산자실화추정,0.05
2023,03,05,14:13,일,2023,03,05,17:00,전남,전남,완도,신지,월양,쓰,쓰레기소각,쓰레기소각,0.3
2023,03,05,13:33,일,2023,03,05,16:30,충남,충남,공주,탄천,광명,쓰,기타(직접입력),쓰레기소각,0.9
2023,03,05,12:46,일,2023,03,05,14:44,경남,경남,창녕,대합,주매,기,기타(직접입력),조사중,0.05
2023,03,05,12:16,일,2023,03,05,14:30,전북,전북,무주,무풍,금평,담,기타(직접입력),담뱃불실화,0.3
2023,03,05,12:16,일,2023,03,05,17:20,경북,경북,경산,남천,산전,쓰,기타(직접입력),쓰레기소각,3
2023,03,05,11:54,일,2023,03,05,13:20,광주,광주,광산,,내산,기,기타(직접입력),조사중,0.05
2023,03,05,05:34,일,2023,03,05,07:20,대전,대전,동,,직,기,기타(직접입력),원인미상,0.15
2023,03,04,18:53,토,2023,03,04,22:00,전북,전북,완주,비봉,이전,입,기타(직접입력),입산자실화추정,0.1
2023,03,04,18:29,토,2023,03,04,20:00,광주,광주,동,,지산,기,기타(직접입력),조사중,0.01
2023,03,04,18:09,토,2023,03,05,12:00,대구,대구,남,,대명,기,기타(직접입력),조사중,4
2023,03,04,14:15,토,2023,03,04,15:10,중부,충북,제천,봉양,학산,쓰,쓰레기소각,쓰레기소각,0.3
2023,03,04,13:40,토,2023,03,04,15:57,전남,전남,화순,동,대포,쓰,쓰레기소각,쓰레기소각,0.5
2023,03,04,13:00,토,2023,03,04,13:57,충남,충남,부여,충화,현미,기,기타(직접입력),모터전기합선,0.3
2023,03,04,10:50,토,2023,03,04,11:40,대전,대전,서,,용촌,기,기타(직접입력),원인미상,0.01
2023,03,03,19:32,금,2023,03,03,20:20,경기,경기,여주,강천,부평,기,기타(직접입력),원인미상,0.01
2023,03,03,18:06,금,2023,03,03,20:15,세종,세종,전동,,청람,입,기타(직접입력),입산자실화추정,0.26
2023,03,03,17:25,금,2023,03,03,18:07,경기,경기,양평,용문,삼성,쓰,기타(직접입력),쓰레기소각,0.02
2023,03,03,14:16,금,2023,03,03,15:35,경남,경남,김해,,어방,기,기타(직접입력),원인미상,0.03
2023,03,03,14:13,금,2023,03,04,11:57,전남,전남,순천,월등,망용,,기타(직접입력),농산부산뭀각,47
2023,03,03,14:11,금,2023,03,04,17:00,남부,경북,영양,영양,무창,기,기타(직접입력),화목보일러재투기,16.1
2023,03,03,14:02,금,2023,03,03,17:55,충남,충남,공주,신풍,봉갑,쓰,기타(직접입력),쓰레기소각,2
2023,03,03,12:44,금,2023,03,03,13:23,광주,광주,광산,,남산,기,기타(직접입력),조사중,0.08
2023,03,03,11:58,금,2023,03,03,13:48,충남,충남,태안,태안,반곡,,기타(직접입력),밭두렁소각,0.1
2023,03,03,10:57,금,2023,03,03,11:34,충남,충남,홍성,홍동,원천,쓰,기타(직접입력),쓰레기소각,0.03
2023,03,03,10:41,금,2023,03,03,12:30,충남,충남,부여,충화,가화,쓰,기타(직접입력),쓰레기소각,0.09
2023,03,03,08:10,금,2023,03,03,09:10,강원,강원,정선,임계,도전,,주택화재비화,주택화재,0.03
2023,03,03,00:16,금,2023,03,03,01:50,충남,충남,당진,,시곡,기,기타(직접입력),원인미상,0.1
2023,03,02,21:48,목,2023,03,02,23:55,경남,경남,하동,양보,지례,기,기타(직접입력),조사중,0.1
2023,03,02,17:21,목,2023,03,02,19:00,경기,경기,안성,미양,개정,,농산폐기물소각,농산폐기물소각(폐비닐),0.66
2023,03,02,16:18,목,2023,03,02,17:34,충남,충남,천안 동남,광덕,대덕,쓰,기타(직접입력),쓰레기소각,0.1
2023,03,02,15:20,목,2023,03,02,17:00,전북,전북,임실,성수,태평,입,기타(직접입력),입산자실화추정,0.2
2023,03,02,15:18,목,2023,03,02,18:50,경북,경북,김천,개령,동부,기,기타(직접입력),조사중,10
2023,03,02,15:06,목,2023,03,02,20:06,전남,전남,광양,봉강,조령,입,기타(직접입력),입산자실화,1
2023,03,02,13:42,목,2023,03,02,17:23,경기,경기,가평,청평,호명,기,기타(직접입력),숯부주의,1
2023,03,02,12:52,목,2023,03,02,15:54,경기,경기,화성,정남,백,쓰,쓰레기소각,생활쓰레기소각(종이),0.43
2023,03,02,11:46,목,2023,03,02,14:30,전남,전남,담양,용,월계,기,작업장실화,용접불꽃부주의,0.5
2023,03,02,09:48,목,2023,03,02,11:20,전남,전남,여수,,웅천,기,기타(직접입력),불씨취급부주의,0.02
2023,03,02,09:27,목,2023,03,02,14:26,광주,광주,광산,,동호,기,기타(직접입력),조사중,0.3
2023,03,02,06:38,목,2023,03,02,08:18,남부,경북,경주,,인왕,기,방화,방화,0.1
2023,03,02,04:18,목,2023,03,02,06:10,전북,전북,전주,완산,효자,입,기타(직접입력),입산자실화추정,0.02
2023,03,01,14:45,수,2023,03,01,16:00,경기,경기,고양,일산동,사리현,담,담뱃불실화,담뱃불실화,0.16
2023,03,01,14:37,수,2023,03,01,20:48,전남,전남,나주,동강,곡천,쓰,쓰레기소각,쓰레기소각,0.3
2023,03,01,05:31,수,2023,03,01,09:00,경북,경북,경주,양남,산서,기,기타(직접입력),조사중,0.3
2023,02,28,20:09,화,2023,02,28,21:50,강원,강원,평창,미탄,율치,,주택화재비화,주택화재비화,0.2
2023,02,28,19:27,화,2023,02,28,22:33,동부,강원,평창,봉평,진조,기,기타(직접입력),풍력발전기화재,0.27
2023,02,28,17:11,화,2023,02,28,18:40,충남,충남,공주,탄천,남산,쓰,쓰레기소각,쓰레기소각,0.3
2023,02,28,16:56,화,2023,02,28,18:00,경북,경북,문경,신북,호암,,농산폐기물소각,농산폐기물소각(폐비닐),0.24
2023,02,28,16:39,화,2023,02,28,18:34,전남,전남,보성,율어,문양,,농산폐기물소각,영농부산물소각,0.1
2023,02,28,15:46,화,2023,03,01,09:30,경북,경북,예천,풍양,와룡,기,기타(직접입력),조사중,37
2023,02,28,15:40,화,2023,02,28,20:38,경북,경북,상주,은척,하흘,,농산폐기물소각,잔가지소각,0.5
2023,02,28,15:25,화,2023,02,28,19:39,전북,전북,익산,왕궁,동촌,,농산폐기물소각,영농부산물소각(깻대),0.8
2023,02,28,15:00,화,2023,02,28,18:00,전북,전북,남원,사매,오신,,논밭두렁소각,밭두렁소각,1
2023,02,28,14:18,화,2023,02,28,19:30,전북,전북,완주,비봉,봉산,기,기타(직접입력),미상,1
2023,02,28,14:17,화,2023,02,28,19:00,경북,경북,영천,화남,월곡,기,작업장실화,절단기작업불꽃비화,51
2023,02,28,12:36,화,2023,02,28,15:05,경북,경북,성주,금수,영천,쓰,쓰레기소각,쓰레기소각,9.1
2023,02,27,18:42,월,2023,02,27,21:15,경북,경북,안동,임동,망천,기,기타(직접입력),조사중,0.3
2023,02,27,18:03,월,2023,02,27,18:50,충남,충남,보령,,명천,기,기타(직접입력),화목보일러재비화,0.01
2023,02,27,17:01,월,2023,02,28,02:30,경남,경남,창녕,남지,반포,기,기타(직접입력),조사중,8
2023,02,27,15:08,월,2023,02,27,18:48,충남,충남,금산,복수,수영,기,기타(직접입력),조사중,1.7
2023,02,27,13:00,월,2023,02,27,14:07,강원,강원,고성,현내,죽정,기,기타(직접입력),조사중,0.1
2023,02,27,12:35,월,2023,02,27,14:27,경남,경남,함안,칠원,오곡,,농산폐기물소각,농산폐기물소각,0.15
2023,02,27,12:26,월,2023,02,27,15:50,전북,전북,익산,웅포,제성,,주택화재비화,축사화재,0.3
2023,02,27,11:50,월,2023,02,27,14:14,경북,경북,상주,함창,신덕,기,기타(직접입력),예초기배터리폭발,0.2
2023,02,27,11:37,월,2023,02,27,12:37,경북,경북,포항,구룡포,병포,기,작업장실화,용접부주의,0.1
2023,02,27,10:34,월,2023,02,27,11:15,충남,충남,홍성,홍동,원천,쓰,기타(직접입력),쓰레기소각,0.01
2023,02,26,20:31,일,2023,02,26,22:17,전남,전남,보성,벌교,장양,기,기타(직접입력),불씨취급부주의(숯불재투기),0.01
2023,02,26,15:30,일,2023,02,26,16:27,경기,경기,시흥,,미산,기,기타(직접입력),미상,0.04
2023,02,26,14:41,일,2023,02,26,15:12,인천,인천,강화,송해,양오,,기타(직접입력),밭두렁소각,0.6
2023,02,26,14:23,일,2023,02,26,16:55,전북,전북,군산,옥산,금성,,기타(직접입력),영농부산물소각,0.1
2023,02,26,14:20,일,2023,02,26,16:00,전북,전북,임실,강진,갈담,,기타(직접입력),영농부산물소각,0.5
2023,02,26,14:10,일,2023,02,26,15:51,경북,경북,영천,화남,죽곡,기,기타(직접입력),조사중,2
2023,02,26,14:05,일,2023,02,26,16:40,경기,경기,안성,금광,현곡,쓰,기타(직접입력),쓰레기소각,0.1
2023,02,26,14:02,일,2023,02,26,16:45,광주,광주,광산,,장수,기,기타(직접입력),조사중,0.02
2023,02,26,13:33,일,2023,02,26,15:09,전남,전남,순천,서,동산,,기타(직접입력),영농부산물소각,0.03
2023,02,26,13:27,일,2023,02,26,14:48,충북,충북,단양,대강,황정,기,기타(직접입력),조사중,0.1
2023,02,26,13:18,일,2023,02,26,15:32,경기,경기,남양주,화도,답내,기,기타(직접입력),성묘객실화,0.33
2023,02,26,13:00,일,2023,02,26,16:30,전남,전남,화순,이양,구례,쓰,기타(직접입력),쓰레기소각,0.5
2023,02,26,12:50,일,2023,02,26,14:20,전북,전북,임실,삼계,삼계,기,기타(직접입력),산림작업장실화,0.2
2023,02,26,11:44,일,2023,02,26,14:30,강원,강원,홍천,서석,청량,,주택화재비화,창고화재,0.2
2023,02,26,11:40,일,2023,02,26,12:49,전북,전북,군산,,내흥,입,기타(직접입력),입산자실화추정,0.02
2023,02,26,11:26,일,2023,02,26,12:05,세종,세종,금남,,대박,기,기타(직접입력),불씨취급부주의(재투기),0.03
2023,02,25,23:26,토,2023,02,26,01:00,경남,경남,함양,함양,난평,입,기타(직접입력),입산자실화추정,0.1
2023,02,25,18:34,토,2023,02,25,19:40,인천,인천,강화,내가,오상,쓰,기타(직접입력),쓰레기소각(낙엽),0.02
2023,02,25,18:00,토,2023,02,25,21:01,충남,충남,금산,부리,방우,기,기타(직접입력),조사중,1
2023,02,25,15:36,토,2023,02,25,18:00,충남,충남,부여,은산,합수,기,작업장실화,용접불씨,1
2023,02,25,14:26,토,2023,02,25,17:00,경남,경남,진주,대곡,유곡,,기타(직접입력),밭두렁소각(잔디),0.5
2023,02,25,13:52,토,2023,02,25,15:20,경북,경북,예천,은풍,동사,기,기타(직접입력),성묘객실화,0.1
2023,02,25,13:22,토,2023,02,25,14:51,충남,충남,부여,세도,귀덕,쓰,기타(직접입력),쓰레기소각,0.5
2023,02,25,13:01,토,2023,02,25,14:23,전남,전남,순천,상사,쌍지,담,기타(직접입력),담뱃불실화추정,0.1
2023,02,25,12:52,토,2023,02,25,16:29,경기,경기,화성,송산,독지,기,작업장실화,그라인더작업불씨,0.09
2023,02,25,12:40,토,2023,02,25,14:30,경남,경남,거창,북상,갈계,쓰,기타(직접입력),쓰레기소각,0.05
2023,02,25,12:39,토,2023,02,25,15:30,경기,경기,여주,점동,사곡,,기타(직접입력),밭두렁소각,0.6
2023,02,25,10:47,토,2023,02,25,13:00,경북,경북,안동,일직,명진,쓰,기타(직접입력),쓰레기소각,0.3
2023,02,24,17:47,금,2023,02,24,19:00,대전,대전,서,,장안,입,기타(직접입력),입산자실화추정,0.01
2023,02,24,14:29,금,2023,02,24,17:10,전남,전남,강진,칠량,명주,기,기타(직접입력),미상,0.05
2023,02,24,14:20,금,2023,02,24,00:00,부산,부산,기장,정관,빙산,기,기타(직접입력),조사중,3
2023,02,24,13:14,금,2023,02,24,14:20,경북,경북,울진,온정,덕인,기,기타(직접입력),성묘객실화,0.06
2023,02,23,20:07,목,2023,02,23,21:50,충남,충남,공주,의당,청룡,기,기타(직접입력),조사중,0.1
2023,02,23,16:18,목,2023,02,23,17:50,경남,경남,의령,유곡,오목,,농산폐기물소각,농산폐기물소각,0.5
2023,02,23,15:33,목,2023,02,23,16:50,경북,경북,봉화,명호,북곡,입,기타(직접입력),입산자실화추정,0.2
2023,02,23,13:22,목,2023,02,23,14:00,울산,울산,북,,시례,기,기타(직접입력),재투기,0.03
2023,02,23,12:14,목,2023,02,23,16:00,강원,강원,삼척,노곡,중마읍,,주택화재비화,주택화재,0.56
2023,02,22,14:52,수,2023,02,22,17:55,경기,경기,파주,월룡,도내,기,기타(직접입력),화목보일러재추정,0.1
2023,02,22,12:26,수,2023,02,22,14:00,강원,강원,삼척,도계,늑구,기,기타(직접입력),미상,0.19
2023,02,22,11:53,수,2023,02,22,17:38,충북,충북,청주 상당,문의,문덕,,기타(직접입력),농산물소각,2.1
2023,02,21,12:38,화,2023,02,21,14:30,경북,경북,문경,문경,중평,기,기타(직접입력),용접작업추정,0.5
2023,02,21,11:36,화,2023,02,21,12:33,경기,경기,시흥,,조남,쓰,기타(직접입력),쓰레기소각(낙엽),0.07
2023,02,20,13:26,월,2023,02,20,15:10,북부,서울,종로,,구기,담,담뱃불실화,담뱃불실화,0.01
2023,02,20,12:40,월,2023,02,20,14:52,경기,경기,화성,비봉,자안,쓰,기타(직접입력),쓰레기소각(낙엽),0.3
2023,02,20,11:29,월,2023,02,20,13:10,경북,경북,군위,소보,내의,담,기타(직접입력),담뱃불실화,0.1
2023,02,19,19:14,일,2023,02,19,22:50,경북,경북,안동,임동,사월,기,기타(직접입력),조사중,1
2023,02,19,17:13,일,2023,02,19,18:57,경기,경기,양평,양평,오빈,기,기타(직접입력),불씨취급부주의(잔디밭),0.12
2023,02,17,14:04,금,2023,02,17,15:10,북부,경기,고양,덕양,행신,기,기타(직접입력),재처리부주의,0.55
2023,02,17,11:36,금,2023,02,17,13:00,세종,세종,연서,,고복,,기타(직접입력),밭두렁소각,0.5
2023,02,17,05:59,금,2023,02,17,08:40,전남,전남,광양,진상,어치,,기타(직접입력),주택화재,0.1
2023,02,15,15:50,수,2023,02,15,16:30,세종,세종,연기,,눌왕,기,기타(직접입력),불씨취급부주의 추정,0.03
2023,02,15,15:00,수,2023,02,15,15:35,경기,경기,용인 처인,백암,박곡,기,기타(직접입력),미상,0.1
2023,02,15,04:01,수,2023,02,15,04:50,경남,경남,창원,의창,지귀,기,기타(직접입력),조사중,0.03
2023,02,14,14:18,화,2023,02,14,16:01,경기,경기,시흥,,포,,기타(직접입력),비닐하우스화재,0.03
2023,02,12,22:38,일,2023,02,12,23:44,경기,경기,양평,서종,정배,,주택화재비화,공장화재비화,0.06
2023,02,10,12:04,금,2023,02,10,13:20,경기,경기,하남,,초이,쓰,기타(직접입력),쓰레기소각,0.01
2023,02,09,19:40,목,2023,02,09,20:40,충남,충남,논산,가양곡,함적,담,기타(직접입력),담뱃불실화,0.01
2023,02,09,12:57,목,2023,02,09,16:19,전북,전북,완주,소양,화심,기,기타(직접입력),미상,0.4
2023,02,08,16:51,수,2023,02,08,18:38,전남,전남,장흥,유치,반월,입,기타(직접입력),입산자실화추정,0.02
2023,02,08,14:52,수,2023,02,08,16:05,대전,대전,서,,흑석,입,기타(직접입력),입산자실화추정,0.33
2023,02,08,13:44,수,2023,02,08,17:30,전남,전남,고흥,점암,여호,쓰,기타(직접입력),생활쓰레기소각(묘지주변),0.3
2023,02,08,13:17,수,2023,02,08,17:00,경남,경남,진주,수곡,사곡,기,기타(직접입력),미상,0.5
2023,02,07,15:09,화,2023,02,07,16:55,경북,경북,상주,이안,아천,기,기타(직접입력),미상,0.01
2023,02,07,14:20,화,2023,02,07,18:00,경남,경남,거창,가북,우혜,,기타(직접입력),건축물실화,0.02
2023,02,07,13:33,화,2023,02,07,16:20,경기,경기,하남,,감북,기,기타(직접입력),미상,0.01
2023,02,07,09:34,화,2023,02,07,10:05,경기,경기,양평,양서,신원,기,기타(직접입력),미상,0.01
2023,02,06,22:16,월,2023,02,07,01:30,경남,경남,합천,봉산,양지,기,기타(직접입력),축사전기합선,0.3
2023,02,06,18:23,월,2023,02,06,20:36,경북,경북,상주,중등,회상,기,기타(직접입력),조사중,0.03
2023,02,06,13:50,월,2023,02,06,15:00,전북,전북,임실,성수,성수,쓰,기타(직접입력),쓰레기소각,0.3
2023,02,06,13:02,월,2023,02,06,15:00,전북,전북,익산,함라,신목,기,기타(직접입력),묘지화재비화,0.1
2023,02,06,11:59,월,2023,02,06,13:40,전남,전남,진도,조도,신옥,,기타(직접입력),농작물소각,0.1
2023,02,05,20:16,일,2023,02,05,21:40,경남,경남,진주,,망경,기,기타(직접입력),조사중,0.01
2023,02,05,20:11,일,2023,02,05,21:35,경남,경남,양산,원동,용당,기,기타(직접입력),조사중,0.02
2023,02,05,18:37,일,2023,02,05,19:50,경남,경남,함양,백전,운산,쓰,기타(직접입력),생활쓰레기소각,0.01
2023,02,05,15:20,일,2023,02,05,17:40,전남,전남,나주,문평,계로,쓰,기타(직접입력),쓰레기소각,0.2
2023,02,05,15:00,일,2023,02,05,15:51,경남,경남,김해,진영,죽곡,기,기타(직접입력),공장용접불꽃,0.1
2023,02,05,14:29,일,2023,02,05,16:40,전북,전북,순창,팔덕,구룡,,주택화재비화,양계장화재비화,0.2
2023,02,05,14:23,일,2023,02,05,16:07,경기,경기,광주,초월,신월,기,기타(직접입력),미상,0.03
2023,02,04,18:20,토,2023,02,04,19:45,경북,경북,포항 북,기계,봉계,기,기타(직접입력),조사중,0.1
2023,02,04,11:51,토,2023,02,04,14:10,전남,전남,순천,,인월,기,기타(직접입력),아궁이불씨취급부주의,0.1
2023,02,04,10:54,토,2023,02,04,13:30,부산,부산,기장,일광,용천,담,기타(직접입력),담뱃불실화,0.5
2023,02,03,17:26,금,2023,02,04,10:00,경기,경기,여주,강천,강천,기,기타(직접입력),미상,0.95
2023,02,03,15:29,금,2023,02,03,16:52,북부,경기,양평,청운,다대,기,기타(직접입력),성묘객실화,0.48
2023,02,01,22:32,수,2023,02,02,00:29,경북,경북,울진,기성,정명,기,기타(직접입력),미상,0.9
2023,02,01,19:46,수,2023,02,01,20:58,울산,울산,울주,상북,궁근전,입,기타(직접입력),입산자실화,0.2
2023,02,01,18:07,수,2023,02,01,20:00,부산,부산,기장,철마,이곡,기,기타(직접입력),조사중,0.03
2023,02,01,16:19,수,2023,02,01,19:53,중부,대전,유성,,갑,입,기타(직접입력),입산자실화추정,0.17
2023,02,01,15:57,수,2023,02,01,16:46,세종,세종,연서,,부동,입,기타(직접입력),입산자실화추정,0.04
2023,02,01,14:00,수,2023,02,01,21:30,경남,경남,함안,대산,장암,쓰,기타(직접입력),쓰레기소각,1.5
2023,01,31,11:41,화,2023,01,31,12:34,강원,강원,동해,,심곡,기,기타(직접입력),미상,0.02
2023,01,30,15:18,월,2023,01,30,16:20,울산,울산,울주,온양,고산,기,기타(직접입력),용접실화,0.02
2023,01,29,12:16,일,2023,01,29,15:00,전남,전남,순천,,대대,,기타(직접입력),영농부산물소각,0.6
2023,01,29,10:58,일,2023,01,29,18:00,경남,경남,양산,원동,용당,쓰,쓰레기소각,쓰레기소각(낙엽),0.1
2023,01,28,18:28,토,2023,01,28,19:30,부산,부산,금정,,두구,기,기타(직접입력),조사중,0.01
2023,01,28,10:19,토,2023,01,28,11:20,경북,경북,포항 남,구룡포,늘태,기,기타(직접입력),조사중,0.1
2023,01,27,14:27,금,2023,01,27,17:50,경북,경북,영천,고령,대의,기,기타(직접입력),조사중,0.5
2023,01,26,17:53,목,2023,01,26,19:00,부산,부산,사하,,괴정,기,기타(직접입력),조사중,0.01
2023,01,25,16:13,수,2023,01,25,17:08,경기,경기,여주,금사,도곡,쓰,기타(직접입력),쓰레기소각,0.12
2023,01,24,12:53,화,2023,01,24,13:15,부산,부산,기장,장안,월내,기,기타(직접입력),캠핑장숯더미발화,0.15
2023,01,24,06:05,화,2023,01,24,08:30,경남,경남,산청,금서,지막,입,기타(직접입력),입산자담뱃불실화,0.01
2023,01,23,12:35,월,2023,01,23,14:00,경남,경남,함양,함양,이은,,주택화재비화,주택아궁이불씨발화,0.06
2023,01,22,13:35,일,2023,01,22,14:10,울산,울산,울주,웅촌,초천,기,성묘객실화,성묘객실화,0.01
2023,01,22,11:07,일,2023,01,22,11:27,경남,경남,창원,성산,양곡,기,기타(직접입력),성묘객실화,0.01
2023,01,21,15:57,토,2023,01,22,00:20,전남,전남,고흥,도화,구암,기,기타(직접입력),태양광패널합선,0.8
2023,01,21,13:25,토,2023,01,21,15:40,전북,전북,무주,적상,방이,기,기타(직접입력),매립장 열선 과열,0.3
2023,01,21,13:19,토,2023,01,21,17:00,경남,경남,거제,연초,연사,,논밭두렁소각,논밭두렁소각,0.03
2023,01,21,13:00,토,2023,01,21,13:40,강원,강원,원주,,우산,기,기타(직접입력),미상,0.01
2023,01,13,02:16,금,2023,01,13,06:30,경남,경남,김해,한림,금곡,기,기타(직접입력),전기누전,0.04
2023,01,12,17:14,목,2023,01,12,18:19,경기,경기,안양,만안,석수,입,기타(직접입력),입산자실화,0.01
2023,01,12,13:56,목,2023,01,12,18:00,전남,전남,함평,학교,금송,,기타(직접입력),농산부산불소각,0.7
2023,01,12,13:43,목,2023,01,12,17:18,남부,경북,구미,옥성,대원,입,기타(직접입력),입산자실화추정,1.21
2023,01,12,12:47,목,2023,01,13,06:20,경북,경북,성주,가천,금봉,기,작업장실화,산림사엉방실화,32.53
2023,01,11,11:45,수,2023,01,11,13:30,강원,강원,삼척,미로,하거노,기,기타(직접입력),미상,0.1
2023,01,10,13:55,화,2023,01,10,15:20,경남,경남,고성,삼산,두포,기,기타(직접입력),전선스파크,0.05
2023,01,09,19:41,월,2023,01,09,20:35,경남,경남,합천,용주,방곡,기,기타(직접입력),재취급부주의,0.1
2023,01,09,18:05,월,2023,01,09,20:00,광주,광주,광산,,광산,기,기타(직접입력),조사중,0.06
2023,01,09,13:39,월,2023,01,09,15:20,강원,강원,강릉,성산,위촌,쓰,기타(직접입력),쓰레기소각,0.06
2023,01,08,04:35,일,2023,01,08,12:00,부산,부산,강서,,녹산,기,기타(직접입력),조사중,0.5
2023,01,06,15:20,금,2023,01,06,20:15,전남,전남,고흥,남양,양주,기,기타(직접입력),미상,0.05
2023,01,06,12:45,금,2023,01,06,13:30,전북,전북,고창,고수,상평,입,기타(직접입력),입산자실화추정,0.03
2023,01,05,04:37,목,2023,01,05,06:14,경북,경북,문경,산양,과곡,기,기타(직접입력),미상,0.03
2023,01,04,16:36,수,2023,01,04,22:00,부산,부산,기장,기장,대변,기,기타(직접입력),조사중,0.02
2023,01,03,13:08,화,2023,01,03,20:00,남부,경북,영덕,달산,봉산,기,기타(직접입력),비닐하우스화재,0.77
2023,01,03,08:53,화,2023,01,03,10:23,부산,부산,금정,,남산,기,기타(직접입력),조사중,0.05
2023,01,02,14:30,월,2023,01,02,16:54,경북,경북,예천,감천,현내,기,기타(직접입력),미상,0.05
2023,01,02,11:33,월,2023,01,02,12:30,인천,인천,옹진,자월,이작,기,기타(직접입력),미상,0.33
2023,01,01,13:57,일,2023,01,01,16:50,경북,경북,예천,용궁,대은,기,기타(직접입력),미상,0.09